Step,Period,V(10/20V),I(10/5A)
1,0.2sec,1,0.01
2,0.2sec,1,0.011
3,0.2sec,1,0.016
4,0.2sec,1,0.017
5,0.2sec,1,0.02
6,0.2sec,1,0.015
7,0.2sec,1,0.005
8,0.2sec,1,0.001
9,0.2sec,1,0.0
10,0.2sec,1,0.001
11,0.2sec,1,0.002
12,0.2sec,1,0.001
13,0.2sec,1,0.0
14,0.2sec,1,0.0
15,0.2sec,1,0.0
16,0.2sec,1,0.0
17,0.2sec,1,0.001
18,0.2sec,1,0.002
19,0.2sec,1,0.001
20,0.2sec,1,0.0
21,0.2sec,1,0.0
22,0.2sec,1,0.0
23,0.2sec,1,0.0
24,0.2sec,1,0.0
25,0.2sec,1,0.0
26,0.2sec,1,0.0
27,0.2sec,1,0.0
28,0.2sec,1,0.0
29,0.2sec,1,0.0
30,0.2sec,1,0.0
31,0.2sec,1,0.0
32,0.2sec,1,0.0
33,0.2sec,1,0.0
34,0.2sec,1,0.0
35,0.2sec,1,0.0
36,0.2sec,1,0.0
37,0.2sec,1,0.0
38,0.2sec,1,0.0
39,0.2sec,1,0.0
40,0.2sec,1,0.0
41,0.2sec,1,0.0
42,0.2sec,1,0.0
43,0.2sec,1,0.0
44,0.2sec,1,0.0
45,0.2sec,1,0.0
46,0.2sec,1,0.0
47,0.2sec,1,0.0
48,0.2sec,1,0.0
49,0.2sec,1,0.0
50,0.2sec,1,0.0
51,0.2sec,1,0.0
52,0.2sec,1,0.0
53,0.2sec,1,0.0
54,0.2sec,1,0.0
55,0.2sec,1,0.0
56,0.2sec,1,0.0
57,0.2sec,1,0.0
58,0.2sec,1,0.001
59,0.2sec,1,0.001
60,0.2sec,1,0.003
61,0.2sec,1,0.008
62,0.2sec,1,0.016
63,0.2sec,1,0.012
64,0.2sec,1,0.016
65,0.2sec,1,0.006
66,0.2sec,1,0.01
67,0.2sec,1,0.009000000000000001
68,0.2sec,1,0.006
69,0.2sec,1,0.016
70,0.2sec,1,0.011
71,0.2sec,1,0.02
72,0.2sec,1,0.016
73,0.2sec,1,0.009000000000000001
74,0.2sec,1,0.003
75,0.2sec,1,0.004
76,0.2sec,1,0.003
77,0.2sec,1,0.003
78,0.2sec,1,0.002
79,0.2sec,1,0.001
80,0.2sec,1,0.002
81,0.2sec,1,0.003
82,0.2sec,1,0.003
83,0.2sec,1,0.005
84,0.2sec,1,0.013000000000000001
85,0.2sec,1,0.007
86,0.2sec,1,0.002
87,0.2sec,1,0.003
88,0.2sec,1,0.006
89,0.2sec,1,0.004
90,0.2sec,1,0.002
91,0.2sec,1,0.001
92,0.2sec,1,0.001
93,0.2sec,1,0.001
94,0.2sec,1,0.001
95,0.2sec,1,0.001
96,0.2sec,1,0.001
97,0.2sec,1,0.001
98,0.2sec,1,0.002
99,0.2sec,1,0.002
100,0.2sec,1,0.002
101,0.2sec,1,0.002
102,0.2sec,1,0.003
103,0.2sec,1,0.003
104,0.2sec,1,0.004
105,0.2sec,1,0.016
106,0.2sec,1,0.016
107,0.2sec,1,0.02
108,0.2sec,1,0.016
109,0.2sec,1,0.006
110,0.2sec,1,0.016
111,0.2sec,1,0.013000000000000001
112,0.2sec,1,0.006
113,0.2sec,1,0.007
114,0.2sec,1,0.016
115,0.2sec,1,0.016
116,0.2sec,1,0.014
117,0.2sec,1,0.009000000000000001
118,0.2sec,1,0.015
119,0.2sec,1,0.013000000000000001
120,0.2sec,1,0.013000000000000001
121,0.2sec,1,0.011
122,0.2sec,1,0.008
123,0.2sec,1,0.008
124,0.2sec,1,0.008
125,0.2sec,1,0.008
126,0.2sec,1,0.01
127,0.2sec,1,0.009000000000000001
128,0.2sec,1,0.008
129,0.2sec,1,0.007
130,0.2sec,1,0.006
131,0.2sec,1,0.004
132,0.2sec,1,0.002
133,0.2sec,1,0.002
134,0.2sec,1,0.002
135,0.2sec,1,0.005
136,0.2sec,1,0.007
137,0.2sec,1,0.018000000000000002
138,0.2sec,1,0.018000000000000002
139,0.2sec,1,0.006
140,0.2sec,1,0.02
141,0.2sec,1,0.018000000000000002
142,0.2sec,1,0.013000000000000001
143,0.2sec,1,0.01
144,0.2sec,1,0.012
145,0.2sec,1,0.013000000000000001
146,0.2sec,1,0.011
147,0.2sec,1,0.006
148,0.2sec,1,0.002
149,0.2sec,1,0.001
150,0.2sec,1,0.0
151,0.2sec,1,0.0
152,0.2sec,1,0.0
153,0.2sec,1,0.0
154,0.2sec,1,0.0
155,0.2sec,1,0.0
156,0.2sec,1,0.0
157,0.2sec,1,0.0
158,0.2sec,1,0.001
159,0.2sec,1,0.002
160,0.2sec,1,0.002
161,0.2sec,1,0.004
162,0.2sec,1,0.005
163,0.2sec,1,0.006
164,0.2sec,1,0.006
165,0.2sec,1,0.004
166,0.2sec,1,0.002
167,0.2sec,1,0.002
168,0.2sec,1,0.001
169,0.2sec,1,0.001
170,0.2sec,1,0.0
171,0.2sec,1,0.001
172,0.2sec,1,0.001
173,0.2sec,1,0.0
174,0.2sec,1,0.0
175,0.2sec,1,0.0
176,0.2sec,1,0.0
177,0.2sec,1,0.0
178,0.2sec,1,0.0
179,0.2sec,1,0.0
180,0.2sec,1,0.0
181,0.2sec,1,0.0
182,0.2sec,1,0.0
183,0.2sec,1,0.001
184,0.2sec,1,0.003
185,0.2sec,1,0.005
186,0.2sec,1,0.005
187,0.2sec,1,0.005
188,0.2sec,1,0.014
189,0.2sec,1,0.014
190,0.2sec,1,0.015
191,0.2sec,1,0.018000000000000002
192,0.2sec,1,0.003
193,0.2sec,1,0.003
194,0.2sec,1,0.004
195,0.2sec,1,0.004
196,0.2sec,1,0.003
197,0.2sec,1,0.003
198,0.2sec,1,0.004
199,0.2sec,1,0.004
200,0.2sec,1,0.004
201,0.2sec,1,0.003
202,0.2sec,1,0.005
203,0.2sec,1,0.005
204,0.2sec,1,0.004
205,0.2sec,1,0.004
206,0.2sec,1,0.002
207,0.2sec,1,0.003
208,0.2sec,1,0.004
209,0.2sec,1,0.004
210,0.2sec,1,0.004
211,0.2sec,1,0.004
212,0.2sec,1,0.006
213,0.2sec,1,0.006
214,0.2sec,1,0.005
215,0.2sec,1,0.005
216,0.2sec,1,0.002
217,0.2sec,1,0.002
218,0.2sec,1,0.002
219,0.2sec,1,0.002
220,0.2sec,1,0.0
221,0.2sec,1,0.0
222,0.2sec,1,0.0
223,0.2sec,1,0.001
224,0.2sec,1,0.001
225,0.2sec,1,0.001
226,0.2sec,1,0.001
227,0.2sec,1,0.002
228,0.2sec,1,0.001
229,0.2sec,1,0.001
230,0.2sec,1,0.0
231,0.2sec,1,0.001
232,0.2sec,1,0.001
233,0.2sec,1,0.0
234,0.2sec,1,0.001
235,0.2sec,1,0.0
236,0.2sec,1,0.0
237,0.2sec,1,0.0
238,0.2sec,1,0.0
239,0.2sec,1,0.0
240,0.2sec,1,0.0
241,0.2sec,1,0.0
242,0.2sec,1,0.0
243,0.2sec,1,0.0
244,0.2sec,1,0.0
245,0.2sec,1,0.001
246,0.2sec,1,0.0
247,0.2sec,1,0.001
248,0.2sec,1,0.002
249,0.2sec,1,0.002
250,0.2sec,1,0.002
251,0.2sec,1,0.011
252,0.2sec,1,0.019
253,0.2sec,1,0.02
254,0.2sec,1,0.016
255,0.2sec,1,0.019
256,0.2sec,1,0.02
257,0.2sec,1,0.015
258,0.2sec,1,0.02
259,0.2sec,1,0.025
260,0.2sec,1,0.021
261,0.2sec,1,0.016
262,0.2sec,1,0.016
263,0.2sec,1,0.018000000000000002
264,0.2sec,1,0.02
265,0.2sec,1,0.015
266,0.2sec,1,0.023
267,0.2sec,1,0.025
268,0.2sec,1,0.017
269,0.2sec,1,0.015
270,0.2sec,1,0.022
271,0.2sec,1,0.025
272,0.2sec,1,0.022
273,0.2sec,1,0.025
274,0.2sec,1,0.014
275,0.2sec,1,0.013000000000000001
276,0.2sec,1,0.015
277,0.2sec,1,0.016
278,0.2sec,1,0.013000000000000001
279,0.2sec,1,0.015
280,0.2sec,1,0.016
281,0.2sec,1,0.013000000000000001
282,0.2sec,1,0.011
283,0.2sec,1,0.015
284,0.2sec,1,0.016
285,0.2sec,1,0.016
286,0.2sec,1,0.012
287,0.2sec,1,0.016
288,0.2sec,1,0.008
289,0.2sec,1,0.002
290,0.2sec,1,0.0
291,0.2sec,1,0.0
292,0.2sec,1,0.0
293,0.2sec,1,0.0
294,0.2sec,1,0.001
295,0.2sec,1,0.002
296,0.2sec,1,0.007
297,0.2sec,1,0.01
298,0.2sec,1,0.01
299,0.2sec,1,0.02
300,0.2sec,1,0.02
301,0.2sec,1,0.025
